group,entity,period,OPS-001,OPS-003,PLT-001,PLT-002,PLT-004,PLT-005,REL-001,REL-002,REL-003,REL-004,REL-005,CST-001,CST-002,CST-003,SUS-001,SUS-002,SUS-003,SIG-007,SIG-008,SIG-009,SIG-012,SIG-021,EHS-001,EHS-002,EHS-003,EHS-004,EHS-005,EHS-006,EHS-007,EHS-009,REG-006
Group,Entity A1,2026-04,92.81,80.9,94.75,81.65,86.95,89.68,227.39,5.26,62.8,11849,93.5,3030.45,969684.7,232897.8,663733,230681,3.34,25809,4,1,5.26,0,0.0,1,21,0,1,25,7,75.0,215
Group,Entity A1,2026-05,87.09,73.48,88.59,78.4,85.7,91.9,164.78,6.2,88.0,16433,89.73,3342.14,1003677.6,266120.6,702326,188840,3.34,43812,6,0,6.3,0,1.9,0,18,0,1,26,5,100.0,185
Group,Entity A1,2026-06,86.25,76.11,93.69,76.22,87.19,93.25,202.37,7.04,85.7,16320,92.54,3110.33,936612.8,240228.4,622781,188173,3.27,49614,5,1,8.6,0,2.67,0,22,0,1,23,4,75.0,155
Group,Entity A1,2026-07,91.02,78.51,92.06,79.11,87.53,89.98,146.77,7.77,127.1,23717,88.73,2970.25,953215.4,250507.4,738476,190291,3.33,30407,2,2,7.61,0,1.72,1,19,0,2,24,5,100.0,125
Group,Entity A1,2026-08,88.58,76.19,90.77,78.73,86.96,91.19,202.6,8.18,96.2,18044,97.39,3165.65,985820.0,298298.6,673374,216415,3.6,38187,7,3,10.09,0,2.07,1,19,1,0,18,1,66.67,95
Group,Entity A1,2026-09,91.27,79.8,91.86,80.21,87.47,91.46,165.35,8.24,120.7,21684,93.43,2853.05,900069.4,218672.4,741310,219505,3.61,30930,5,4,10.91,0,0.91,1,20,0,1,28,7,75.0,65
Group,Entity A2,2026-04,100.1,87.44,95.69,88.21,87.03,91.38,413.4,4.76,41.1,6880,93.43,3063.68,941704.0,257432.7,688999,194946,3.41,2688,4,2,6.6,1,1.68,0,18,0,1,35,5,60.0,252
Group,Entity A2,2026-05,96.75,79.28,88.83,85.07,86.53,92.82,220.3,6.11,79.9,12208,96.12,2968.85,853640.3,226229.6,579740,193553,3.02,12058,0,3,8.19,0,1.85,1,28,1,0,32,9,100.0,222
Group,Entity A2,2026-06,94.03,83.9,94.43,84.77,89.22,89.73,291.37,5.91,56.3,8558,96.9,3221.31,950150.4,274625.0,622878,185948,3.25,22567,4,0,6.48,1,1.83,0,22,0,0,22,4,100.0,192
Group,Entity A2,2026-07,97.3,86.58,95.13,86.9,86.73,93.0,265.41,4.79,58.2,9130,96.43,3234.21,1017013.0,313616.8,660802,207095,3.18,8120,1,4,8.33,0,0.94,1,13,0,1,36,7,66.67,162
Group,Entity A2,2026-08,96.69,81.88,89.43,86.21,90.09,91.0,221.78,5.49,67.8,12064,99.15,3163.82,940259.2,246610.1,690325,193997,3.43,6633,4,3,5.82,0,1.03,0,23,0,1,26,2,100.0,132
Group,Entity A2,2026-09,100.29,87.55,95.43,88.44,87.23,92.42,687.07,6.17,33.7,5492,97.81,3016.5,927755.4,240696.9,708831,208159,3.23,5880,2,1,6.1,0,0.0,2,21,0,1,17,2,100.0,102
