group,entity,plant,period,OPS-001,OPS-003,PLT-001,PLT-002,PLT-004,PLT-005,REL-001,REL-002,REL-003,REL-004,REL-005,CST-001,CST-002,CST-003,SUS-001,SUS-002,SUS-003,SIG-007,SIG-008,SIG-009,SIG-012,SIG-021,EHS-001,EHS-002,EHS-003,EHS-004,EHS-005,EHS-006,EHS-007,EHS-009,REG-006
Group,Entity A1,Plant 01,2026-04,98.39,88.22,96.15,88.97,89.65,91.1,346.15,3.55,13.3,1823,97.3,2906.03,251985.8,62832.0,167244,61316,3.57,3223,1,0,5.7,0,0.0,1,10,0,0,14,4,100.0,311
Group,Entity A1,Plant 01,2026-05,91.76,79.28,94.42,79.28,84.57,93.76,234.17,5.17,19.6,2687,97.92,3391.09,272778.7,79959.6,205726,53724,3.12,5217,1,0,3.91,0,0.0,0,4,0,0,11,2,100.0,281
Group,Entity A1,Plant 01,2026-06,91.36,82.19,94.65,82.19,86.69,94.05,340.75,7.35,18.6,2550,93.75,3339.17,269800.1,63241.6,166424,60010,3.0,7297,2,0,7.43,0,2.2,0,10,0,1,5,1,100.0,251
Group,Entity A1,Plant 01,2026-07,94.44,81.62,94.3,81.95,91.43,88.37,175.4,5.33,27.2,3729,94.55,2671.69,221284.2,64810.6,180484,54600,2.93,5312,0,1,4.55,0,2.63,0,9,0,1,4,1,100.0,221
Group,Entity A1,Plant 01,2026-08,95.74,85.81,95.52,85.81,88.72,92.45,355.35,7.0,19.1,2619,96.88,3076.99,268254.7,78893.9,192091,54889,3.5,1480,2,2,8.26,0,3.57,0,6,0,0,5,0,100.0,191
Group,Entity A1,Plant 01,2026-09,96.03,82.92,92.29,83.97,91.69,91.48,166.12,5.4,30.2,4140,93.48,2779.02,226098.2,50616.0,148807,59115,3.54,3669,0,2,7.5,0,0.0,1,9,0,0,14,4,100.0,161
Group,Entity A1,Plant 02,2026-04,84.05,72.41,93.76,72.61,82.33,88.81,135.02,5.72,31.0,5856,85.0,2996.22,293950.0,67780.4,202909,69227,3.55,17173,2,1,5.88,0,0.0,0,6,0,0,6,2,100.0,215
Group,Entity A1,Plant 02,2026-05,81.61,68.9,84.77,74.3,86.62,94.32,126.14,8.1,45.8,8652,75.0,3628.88,350205.1,97181.8,176546,62330,3.88,20499,4,0,10.66,0,2.9,0,4,0,0,5,1,100.0,185
Group,Entity A1,Plant 02,2026-06,76.21,67.53,93.04,67.72,82.16,94.47,167.47,8.15,37.1,7008,86.11,3512.18,321487.9,71503.8,174177,54970,4.01,28075,2,1,10.82,0,3.23,0,4,0,0,5,0,50.0,155
Group,Entity A1,Plant 02,2026-07,80.02,69.54,88.09,70.2,87.09,90.46,109.23,10.95,69.3,13091,78.57,3600.77,350472.9,93258.3,204288,57701,3.65,22870,2,0,11.63,0,0.0,1,6,0,1,7,0,100.0,125
Group,Entity A1,Plant 02,2026-08,78.79,61.62,81.1,68.01,82.15,88.57,150.85,11.7,53.5,10106,94.87,3408.84,293787.6,89718.1,164589,62319,4.02,23073,3,0,15.09,0,0.0,1,5,1,0,8,1,100.0,95
Group,Entity A1,Plant 02,2026-09,78.4,70.02,86.71,70.31,86.55,93.11,104.05,11.42,78.2,14772,81.82,3245.21,308111.0,70784.4,245659,68824,3.76,24322,4,1,16.0,0,0.0,0,2,0,1,6,1,50.0,65
Group,Entity A1,Plant 03,2026-04,96.59,83.55,94.32,84.85,88.88,89.42,339.55,5.8,18.5,4170,97.83,3135.21,423748.9,102285.4,293580,100138,3.03,5413,1,0,3.85,0,0.0,0,5,0,1,5,1,0.0,218
Group,Entity A1,Plant 03,2026-05,88.8,73.78,86.59,81.32,85.78,88.95,161.05,4.6,22.6,5094,94.44,3085.71,380693.8,88979.2,320054,72786,3.06,18096,1,0,5.22,0,2.63,0,10,0,1,10,2,100.0,188
Group,Entity A1,Plant 03,2026-06,91.6,79.59,93.38,79.7,91.32,91.91,168.07,5.78,30.0,6762,96.0,2680.85,345324.8,105483.0,282180,73193,2.92,14242,1,0,7.18,0,2.78,0,8,0,0,13,3,100.0,158
Group,Entity A1,Plant 03,2026-07,98.27,84.15,93.79,84.83,85.49,90.62,174.45,5.45,30.6,6897,96.77,2709.7,381458.3,92438.5,353704,77990,3.34,2225,0,1,8.22,0,2.27,0,4,0,0,13,4,100.0,128
Group,Entity A1,Plant 03,2026-08,91.36,82.56,95.69,82.56,89.14,92.09,177.97,5.25,23.6,5319,100.0,3069.6,423777.7,129686.6,316694,99207,3.41,13634,2,1,3.25,0,2.94,0,8,0,0,5,0,50.0,98
Group,Entity A1,Plant 03,2026-09,99.52,86.09,96.58,86.21,85.7,90.37,347.7,4.4,12.3,2772,100.0,2629.1,365860.2,97272.0,346844,91566,3.56,2939,1,1,7.48,0,2.9,0,9,0,0,8,2,100.0,68
Group,Entity A2,Plant 04,2026-04,97.36,84.43,95.61,84.79,88.48,92.81,344.2,3.4,13.3,1686,93.48,3104.64,238202.9,62768.6,186852,47773,3.41,29,0,2,8.64,0,0.0,0,5,0,0,14,4,50.0,369
Group,Entity A2,Plant 04,2026-05,90.29,80.9,92.77,80.9,87.77,91.73,172.55,7.78,40.9,5186,100.0,3084.92,233996.7,64991.9,165220,55497,3.07,10015,0,2,8.45,0,5.13,0,8,0,0,14,4,100.0,339
Group,Entity A2,Plant 04,2026-06,91.8,82.34,93.58,82.92,90.88,90.68,224.6,8.47,33.6,4260,94.74,3272.85,245128.1,77698.3,135852,41790,3.2,6867,0,0,7.41,0,0.0,0,11,0,0,7,1,100.0,309
Group,Entity A2,Plant 04,2026-07,93.95,82.36,95.17,82.69,85.62,94.68,177.03,3.85,22.0,2790,96.08,3329.51,257344.0,81305.8,154581,45272,3.13,5005,1,1,8.7,0,0.0,1,4,0,1,13,2,100.0,279
Group,Entity A2,Plant 04,2026-08,101.13,82.25,87.28,90.12,89.14,91.58,649.4,4.1,9.4,1192,97.06,2862.06,220843.7,64490.9,184195,53673,3.04,806,0,2,8.37,0,0.0,0,2,0,1,12,1,100.0,249
Group,Entity A2,Plant 04,2026-09,103.35,89.48,95.92,89.73,88.37,90.59,690.6,6.8,10.1,1281,100.0,3275.49,266460.1,82640.2,178267,58385,3.47,0,0,0,7.1,0,0.0,0,3,0,1,6,1,100.0,219
Group,Entity A2,Plant 05,2026-04,99.76,87.71,95.07,88.94,87.65,89.32,342.25,6.95,17.0,3485,92.31,3370.62,435077.3,128779.7,292639,86136,3.46,2659,2,0,7.46,0,4.55,0,3,0,0,12,0,0.0,252
Group,Entity A2,Plant 05,2026-05,100.51,79.83,86.36,88.12,85.41,92.24,321.25,4.65,18.2,3731,92.31,2988.5,362340.8,89550.0,244417,74247,2.91,0,0,1,8.05,0,0.0,0,12,0,0,12,3,100.0,222
Group,Entity A2,Plant 05,2026-06,93.81,83.35,94.54,84.17,90.56,89.33,226.9,4.0,15.1,3096,97.37,3356.79,411518.7,126359.0,277551,89682,3.51,11194,2,0,7.23,1,6.25,0,6,0,0,3,1,100.0,192
Group,Entity A2,Plant 05,2026-07,99.3,89.81,96.14,89.81,89.15,94.4,715.3,6.0,13.1,2686,98.28,3252.16,444075.7,131632.2,285264,93285,3.34,1175,0,1,8.38,0,3.08,0,3,0,0,14,4,100.0,162
Group,Entity A2,Plant 05,2026-08,97.61,81.04,86.64,86.76,90.45,89.39,161.15,7.62,34.9,7154,100.0,3169.56,390308.9,92794.1,320464,79520,3.56,0,2,1,5.95,0,0.0,0,11,0,0,8,1,100.0,132
Group,Entity A2,Plant 05,2026-09,101.46,89.96,95.82,91.23,88.33,93.25,689.9,5.2,10.2,2091,97.62,3011.79,398678.1,92193.9,299945,86535,3.2,0,1,0,7.58,0,0.0,1,9,0,0,6,0,100.0,102
Group,Entity A2,Plant 06,2026-04,102.71,89.51,96.4,90.01,85.27,93.01,694.1,3.1,10.8,1709,94.87,2642.99,268423.8,65884.4,209508,61037,3.33,0,2,0,3.26,1,0.0,0,10,0,1,9,1,100.0,260
Group,Entity A2,Plant 06,2026-05,97.71,77.27,87.37,84.8,86.93,94.56,216.67,4.87,20.8,3291,96.08,2845.15,257302.8,71687.7,170103,63809,3.12,2043,0,0,8.11,0,0.0,1,8,1,0,6,2,100.0,230
Group,Entity A2,Plant 06,2026-06,96.12,85.85,95.15,87.06,86.32,89.53,685.1,4.0,7.6,1202,100.0,3011.24,293503.6,70567.7,209475,54476,2.96,4506,2,0,4.57,0,0.0,0,5,0,0,12,2,100.0,200
Group,Entity A2,Plant 06,2026-07,97.31,85.77,94.07,86.47,84.34,89.96,233.3,5.63,23.1,3654,93.55,3136.51,315593.3,100678.8,220957,68538,3.0,1940,0,2,7.84,0,0.0,0,6,0,0,9,1,66.67,170
Group,Entity A2,Plant 06,2026-08,92.36,82.68,94.35,82.68,90.37,92.64,175.5,3.7,23.5,3718,100.0,3397.13,329106.6,89325.1,185666,60804,3.59,5827,2,0,3.46,0,3.51,0,10,0,0,6,0,100.0,140
Group,Entity A2,Plant 06,2026-09,96.28,82.87,94.54,83.8,84.57,92.87,680.7,6.5,13.4,2120,94.44,2798.98,262617.2,65862.8,230619,63239,3.04,5880,1,1,2.4,0,0.0,1,9,0,0,5,1,100.0,110
