group,entity,period,calendar_hours,planned_op_hours,run_hours,unplanned_downtime_hours,ideal_output_t,installed_capacity_t,planned_production_t,gross_output_t,good_output_t,feed_input_t,feed_contained_t,recovered_contained_t,prod_loss_downtime_t,failures,repair_hours,pm_scheduled,pm_completed,variable_cost_k,fuel_cost_k,fixed_cost_k,water_m3,emissions_tco2e,energy_gj,production_at_risk_t,critical_plant_alerts,hours_worked,recordable_injuries,severity_incidents,near_misses,critical_safety_incidents,env_excursions,env_violations,ehs_ca_open,ehs_ca_overdue,investigations_due,investigations_completed,critical_material_risks,dispatches_total,dispatches_delayed,permit_days_to_expiry
Group,Entity A1,2026-04,2160,2141,2046.5,62.8,393328,397008,346056,328945,321162,358136,74315,64615,11849,9,47.3,123,115,969684.7,232897.8,3580.2,663733,230681,1071778,25809,4,221000,0,1,21,0,1,0,25,7,4,3,1,475,25,215
Group,Entity A1,2026-05,2232,2109,1977.4,88.0,384488,410242,346126,313194,301438,328020,63947,54804,16433,12,74.4,146,131,1003677.6,266120.6,3769.6,702326,188840,1006841,43812,6,211000,2,0,18,0,1,0,26,5,3,3,0,683,43,185
Group,Entity A1,2026-06,2160,2157,2023.7,85.7,396405,397008,350330,315205,302144,324030,68775,59968,16320,10,70.4,134,124,936612.8,240228.4,3155.0,622781,188173,989137,49614,5,225000,3,0,22,0,1,0,23,4,4,3,1,523,45,155
Group,Entity A1,2026-07,2232,2216,2054.8,127.1,407155,410242,353877,335677,322095,357955,77968,68247,23717,14,108.8,142,126,953215.4,250507.4,3486.0,738476,190291,1071006,30407,2,232000,2,1,19,0,2,0,24,5,4,4,2,473,36,125
Group,Entity A1,2026-08,2232,2162,2026.0,96.2,397019,410242,352869,322341,312572,342784,76378,66416,18044,10,81.8,115,112,985820.0,298298.6,3675.0,673374,216415,1125992,38187,7,193000,2,1,19,1,0,0,18,1,3,2,3,456,46,95
Group,Entity A1,2026-09,2160,2147,1984.2,120.7,394982,397008,347088,327032,316798,346362,77576,67855,21684,12,98.9,137,128,900069.4,218672.4,3769.8,741310,219505,1144453,30930,5,219000,1,1,20,0,1,0,28,7,4,3,4,559,61,65
Group,Entity A2,2026-04,2160,2143,2067.0,41.1,349737,352800,308197,321572,308494,337601,77315,67290,6880,5,23.8,137,128,941704.0,257432.7,3422.3,688999,194946,1050428,2688,4,238000,2,0,18,0,1,1,35,5,5,3,2,561,37,252
Group,Entity A2,2026-05,2232,2096,1982.7,79.9,339769,364560,298749,297580,289027,311387,59227,51247,12208,9,55.0,129,124,853640.3,226229.6,4436.7,579740,193553,871968,12058,0,216000,2,1,28,1,0,0,32,9,5,5,3,476,39,222
Group,Entity A2,2026-06,2160,2138,2039.6,56.3,349149,352800,314779,302431,295990,329850,61561,54925,8558,7,41.4,129,125,950150.4,274625.0,3325.2,622878,185948,962186,22567,4,218000,2,0,22,0,0,1,22,4,5,5,0,586,38,192
Group,Entity A2,2026-07,2232,2223,2123.3,58.2,363231,364560,324403,325601,315635,339387,68718,59602,9130,8,38.3,140,135,1017013.0,313616.8,3815.6,660802,207095,1004084,8120,1,213000,1,1,13,0,1,0,36,7,3,2,4,504,42,162
Group,Entity A2,2026-08,2232,2118,1996.0,67.8,346273,364560,308736,304282,298516,328057,75322,67860,12064,9,49.4,118,117,940259.2,246610.1,4191.1,690325,193997,1024647,6633,4,195000,1,0,23,0,1,0,26,2,8,8,3,619,36,132
Group,Entity A2,2026-09,2160,2140,2061.2,33.7,349230,352800,307966,315972,308869,334213,69389,60526,5492,3,18.5,137,134,927755.4,240696.9,3949.1,708831,208159,996266,5880,2,206000,0,2,21,0,1,0,17,2,0,0,1,492,30,102
