group,entity,plant,period,nameplate_tph,calendar_hours,planned_op_hours,run_hours,unplanned_downtime_hours,ideal_output_t,installed_capacity_t,planned_production_t,gross_output_t,good_output_t,feed_input_t,feed_contained_t,recovered_contained_t,prod_loss_downtime_t,failures,repair_hours,pm_scheduled,pm_completed,variable_cost_k,fuel_cost_k,fixed_cost_k,water_m3,emissions_tco2e,energy_gj,production_at_risk_t,critical_plant_alerts,hours_worked,recordable_injuries,severity_incidents,near_misses,critical_safety_incidents,env_excursions,env_violations,ehs_ca_open,ehs_ca_overdue,investigations_due,investigations_completed,critical_material_risks,dispatches_total,dispatches_delayed,permit_days_to_expiry
Group,Entity A1,Plant 01,2026-04,137.1,720,714,692.3,13.3,97889,98712,88515,89648,87087,95600,19579,17553,1823,2,7.1,37,36,251985.8,62832.0,1091.7,167244,61316,311042,3223,1,79000,0,1,10,0,0,0,14,4,0,0,0,158,9,311
Group,Entity A1,Plant 01,2026-05,137.1,744,744,702.5,19.6,102002,102002,88139,84940,80872,86252,17739,15002,2687,3,15.5,48,47,272778.7,79959.6,1465.4,205726,53724,252523,5217,1,66000,0,0,4,0,0,0,11,2,3,3,0,256,10,281
Group,Entity A1,Plant 01,2026-06,137.1,720,720,681.5,18.6,98712,98712,88801,84328,81129,86263,18895,16380,2550,2,14.7,48,45,269800.1,63241.6,1103.4,166424,60010,243788,7297,2,91000,1,0,10,0,1,0,5,1,0,0,0,148,11,251
Group,Entity A1,Plant 01,2026-07,137.1,744,741,701.6,27.2,101591,102002,88152,86711,83254,94209,21264,19441,3729,4,21.3,55,52,221284.2,64810.6,1144.9,180484,54600,243753,5312,0,76000,1,0,9,0,1,0,4,1,3,3,1,198,9,221
Group,Entity A1,Plant 01,2026-08,137.1,744,744,710.7,19.1,102002,102002,91424,90032,87527,94670,19426,17234,2619,2,14.0,32,31,268254.7,78893.9,1065.3,192091,54889,306311,1480,2,56000,1,0,6,0,0,0,5,0,1,1,2,121,10,191
Group,Entity A1,Plant 01,2026-09,137.1,720,711,664.5,30.2,97478,98712,85234,84182,81854,89479,19996,18334,4140,4,21.6,46,43,226098.2,50616.0,1375.5,148807,59115,289576,3669,0,55000,0,1,9,0,0,0,14,4,2,2,2,120,9,161
Group,Entity A1,Plant 02,2026-04,188.9,720,718,675.1,31.0,135630,136008,117160,101595,98478,110890,24227,19946,5856,5,28.6,40,34,293950.0,67780.4,1112.1,202909,69227,349419,17173,2,61000,0,0,6,0,0,0,6,2,3,3,1,187,11,215
Group,Entity A1,Plant 02,2026-05,188.9,744,690,630.7,45.8,130341,140542,118660,98372,96839,102676,19541,16926,8652,5,40.5,44,33,350205.1,97181.8,1212.1,176546,62330,375349,20499,4,69000,1,0,4,0,0,0,5,1,0,0,0,197,21,185
Group,Entity A1,Plant 02,2026-06,188.9,720,718,669.9,37.1,135630,136008,120521,96232,91848,97224,21417,17596,7008,4,32.6,36,31,321487.9,71503.8,1098.9,174177,54970,368624,28075,2,62000,1,0,4,0,0,0,5,0,2,1,1,194,21,155
Group,Entity A1,Plant 02,2026-07,188.9,744,737,655.4,69.3,139219,140542,122135,101413,97731,108037,20571,17916,13091,6,65.7,56,44,350472.9,93258.3,1434.2,204288,57701,356252,22870,2,68000,0,1,6,0,1,0,7,0,1,1,0,129,15,125
Group,Entity A1,Plant 02,2026-08,188.9,744,674,603.4,53.5,127319,140542,109907,90236,86596,97767,22655,18611,10106,4,46.8,39,37,293787.6,89718.1,1404.1,164589,62319,347920,23073,3,69000,0,1,5,1,0,0,8,1,0,0,0,212,32,95
Group,Entity A1,Plant 02,2026-09,188.9,720,717,624.3,78.2,135441,136008,121475,97250,95233,102279,20791,17994,14772,6,68.5,33,27,308111.0,70784.4,940.2,245659,68824,358135,24322,4,95000,0,0,2,0,1,0,6,1,2,1,1,225,36,65
Group,Entity A1,Plant 03,2026-04,225.4,720,709,679.1,18.5,159809,162288,140381,137702,135597,151646,30509,27116,4170,2,11.6,46,45,423748.9,102285.4,1376.4,293580,100138,411317,5413,1,81000,0,0,5,0,1,0,5,1,1,0,0,130,5,218
Group,Entity A1,Plant 03,2026-05,225.4,744,675,644.2,22.6,152145,167698,139327,129882,123727,139092,26667,22876,5094,4,18.4,54,51,380693.8,88979.2,1092.1,320054,72786,378969,18096,1,76000,1,0,10,0,1,0,10,2,0,0,0,230,12,188
Group,Entity A1,Plant 03,2026-06,225.4,720,719,672.3,30.0,162063,162288,141008,134645,129167,140543,28463,25992,6762,4,23.1,50,48,345324.8,105483.0,952.7,282180,73193,376725,14242,1,72000,1,0,8,0,0,0,13,3,2,2,0,181,13,158
Group,Entity A1,Plant 03,2026-07,225.4,744,738,697.8,30.6,166345,167698,143590,147553,141110,155709,36133,30890,6897,4,21.8,31,30,381458.3,92438.5,906.9,353704,77990,471001,2225,0,88000,1,0,4,0,0,0,13,4,0,0,1,146,12,128
Group,Entity A1,Plant 03,2026-08,225.4,744,744,711.9,23.6,167698,167698,151538,142073,138449,150347,34297,30571,5319,4,21.0,44,44,423777.7,129686.6,1205.6,316694,99207,471761,13634,2,68000,1,0,8,0,0,0,5,0,2,1,1,123,4,98
Group,Entity A1,Plant 03,2026-09,225.4,720,719,695.4,12.3,162063,162288,140379,145600,139711,154604,36789,31527,2772,2,8.8,58,58,365860.2,97272.0,1454.1,346844,91566,496742,2939,1,69000,1,0,9,0,0,0,8,2,0,0,1,214,16,68
Group,Entity A2,Plant 04,2026-04,126.8,720,717,688.4,13.3,90916,91296,79171,79525,77084,83058,18101,16015,1686,2,6.8,46,43,238202.9,62768.6,1114.8,186852,47773,263207,29,0,82000,0,0,5,0,0,0,14,4,2,1,2,243,21,369
Group,Entity A2,Plant 04,2026-05,126.8,744,744,690.2,40.9,94339,94339,84525,77136,76321,83199,16003,14046,5186,4,31.1,39,39,233996.7,64991.9,1447.4,165220,55497,234243,10015,0,78000,2,0,8,0,0,0,14,4,1,1,2,142,12,339
Group,Entity A2,Plant 04,2026-06,126.8,720,715,673.8,33.6,90662,91296,81891,77095,75177,82906,14930,13568,4260,3,25.4,57,54,245128.1,77698.3,915.1,135852,41790,240232,6867,0,61000,0,0,11,0,0,0,7,1,2,2,0,162,12,309
Group,Entity A2,Plant 04,2026-07,126.8,744,741,708.1,22.0,93959,94339,82701,79759,77695,82058,17436,14929,2790,4,15.4,51,49,257344.0,81305.8,1342.1,154581,45272,243309,5005,1,62000,0,1,4,0,1,0,13,2,0,0,1,184,16,279
Group,Entity A2,Plant 04,2026-08,126.8,744,679,649.4,9.4,86097,94339,76728,78482,77594,84729,18910,16857,1192,1,4.1,34,33,220843.7,64490.9,1234.9,184195,53673,235582,806,0,70000,0,0,2,0,1,0,12,1,2,2,2,203,17,249
Group,Entity A2,Plant 04,2026-09,126.8,720,718,690.6,10.1,91042,91296,79048,83890,81694,90180,20374,18005,1281,1,6.8,59,59,266460.1,82640.2,1127.6,178267,58385,283879,0,0,57000,0,0,3,0,1,0,6,1,0,0,0,169,12,219
Group,Entity A2,Plant 05,2026-04,205.0,720,710,684.5,17.0,145550,147600,129763,135746,129454,144929,32992,28916,3485,2,13.9,52,48,435077.3,128779.7,1262.8,292639,86136,447791,2659,2,88000,2,0,3,0,0,0,12,0,1,0,0,134,10,252
Group,Entity A2,Plant 05,2026-05,205.0,744,674,642.5,18.2,138170,152520,121141,127057,121753,132003,24602,21013,3731,2,9.3,39,36,362340.8,89550.0,1517.5,244417,74247,353899,0,0,79000,0,0,12,0,0,0,12,3,2,2,1,149,12,222
Group,Entity A2,Plant 05,2026-06,205.0,720,713,680.7,15.1,146165,147600,131151,125961,123027,137718,26078,23615,3096,3,12.0,38,37,411518.7,126359.0,1457.0,277551,89682,432290,11194,2,64000,2,0,6,0,0,1,3,1,0,0,0,249,18,192
Group,Entity A2,Plant 05,2026-07,205.0,744,744,715.3,13.1,152520,152520,137952,141931,136982,145102,29563,26355,2686,1,6.0,58,57,444075.7,131632.2,1411.4,285264,93285,457581,1175,0,65000,1,0,3,0,0,0,14,4,0,0,1,167,14,162
Group,Entity A2,Plant 05,2026-08,205.0,744,695,644.6,34.9,142475,152520,126640,125577,123607,138276,32113,29045,7154,4,30.5,54,54,390308.9,92794.1,1470.7,320464,79520,439606,0,2,68000,0,0,11,0,0,0,8,1,3,3,1,185,11,132
Group,Entity A2,Plant 05,2026-09,205.0,720,710,689.9,10.2,145550,147600,130881,134645,132787,142400,28428,25111,2091,1,5.2,42,41,398678.1,92193.9,1248.5,299945,86535,425107,0,1,60000,0,1,9,0,0,0,6,0,0,0,0,198,15,102
Group,Entity A2,Plant 06,2026-04,158.2,720,716,694.1,10.8,113271,113904,99263,106301,101956,109614,26222,22359,1709,1,3.1,39,37,268423.8,65884.4,1044.7,209508,61037,339430,0,2,68000,0,0,10,0,1,1,9,1,2,2,0,184,6,260
Group,Entity A2,Plant 06,2026-05,158.2,744,678,650.0,20.8,107260,117701,93083,93387,90953,96185,18622,16188,3291,3,14.6,51,49,257302.8,71687.7,1471.8,170103,63809,283826,2043,0,59000,0,1,8,1,0,0,6,2,2,2,0,185,15,230
Group,Entity A2,Plant 06,2026-06,158.2,720,710,685.1,7.6,112322,113904,101737,99375,97786,109226,20553,17742,1202,1,4.0,34,34,293503.6,70567.7,953.1,209475,54476,289664,4506,2,93000,0,0,5,0,0,0,12,2,3,3,0,175,8,200
Group,Entity A2,Plant 06,2026-07,158.2,744,738,699.9,23.1,116752,117701,103750,103911,100958,112227,21719,18318,3654,3,16.9,31,29,315593.3,100678.8,1062.1,220957,68538,303194,1940,0,86000,0,0,6,0,0,0,9,1,3,2,2,153,12,170
Group,Entity A2,Plant 06,2026-08,158.2,744,744,702.0,23.5,117701,117701,105368,100223,97315,105052,24299,21958,3718,4,14.8,30,30,329106.6,89325.1,1485.5,185666,60804,349459,5827,2,57000,1,0,10,0,0,0,6,0,3,3,0,231,8,140
Group,Entity A2,Plant 06,2026-09,158.2,720,712,680.7,13.4,112638,113904,98037,97437,94388,101633,20587,17410,2120,1,6.5,36,34,262617.2,65862.8,1573.0,230619,63239,287280,5880,1,89000,0,1,9,0,0,0,5,1,0,0,1,125,3,110
